block_key,product_id
,b000jz4hqo
,b0006zf55o
,b00004tkvy
block15,b000g80lqo
block3,b0006se5bq
,b000ehpzv8
block14,b00021xhzw
block12,b000gzwjgc
block0,b0000dbykm
block0,b00029bqa2
,b0007prnjo
block11,b000aazr5i
block20,b000bhl1r8
block1,b000i82j80
block3,b00006hmwc
block2,b000in6u62
,b000083k56
,b00006hvvo
block0,b0000ycfcw
,b00066dd5m
,b00002sac9
block0,b000bcz8ng
block0,b000fm18vi
block2,b00009apna
block2,b0009rgzgm
block0,b000ap2wyw
block10,b000o24l3q
block2,b0009jlux8
block1,b000cszg2m
block4,b00023azve
block10,b000ndicuy
block0,b0000ycfdq
block0,b0007yepy6
,b000cpmtwk
block1,b0002qnd2y
block3,b000h22pg8
block1,b0009h9q1i
block1,b000cqyclu
block2,b0001db6i6
,b000bl40dg
block1,b000h22rbg
block1,b000bezsyi
block1,b0007g9760
,b0001bg5gq
,b000ivhozk
block1,b000buqo9a
block1,b00032heya
block1,b000butd6q
block1,b00032hexq
block1,b000b6vlh4
block0,b0009i9tqy
block0,b00024yohy
block0,b00020633g
,b000cbqbby
block1,b0002x1omi
block0,b0009stm6g
block0,b000ap0h94
block0,b0000ycfe0
block0,b00006j02n
block1,b0000aka82
,b00002s8if
block1,b0009ren8e
,b000a3x6te
,b000bnb72g
block0,b000ap422c
,b000098xjo
block1,b000314vvu
block3,b000100eg4
,b000fa5ens
block7,b0002e3g6o
block7,b000ju9ndq
block16,b000nqq29y
block0,b0007iqg2q
block0,b000099sin
block14,b000hj9r3u
block1,b0007yll20
block10,b0000afwwl
block0,b0000ak7c5
block2,b000162zp6
block2,b000i84dsy
block0,b000gaoo7y
block1,b00008ajjc
block0,b000jj4fbw
block0,b000kmcf0g
block1,b000ozibhk
block10,b000h774k0
block2,b000162zq0
block22,b0006g2wke
block10,b000qs8n64
block0,b000cpshfs
,b000ehq008
block7,b000f7ixx4
block4,b000brgbpa
block6,b0000c6fjm
,b00005yx8i
block1,b000hkgj8k
,b000040p1z
block0,b0002719lk
block0,b00006h38u
block1,b000lu8a10
,b00006akwh
block0,b0006oei8u
block1,b000hysu2y
block0,b000f613x2
block0,b000p9cr34
,b000j4k804
,b00008mopv
block9,b000nwsclo
block0,b000ek6ekq
block1,b0008ews9o
,b0002agbtc
block1,b0009y6f0g
block0,b000g017kg
block22,b0006g31i6
block20,b000i2qubi
block1,b000qfqa1w
block0,b000056b62
block0,b000fbk6gc
block14,b0007d8es0
,b0006z16qq
block0,b0002w37x8
,b0006g31ao
block29,b00005atxo
,b000eavbdq
block0,b000ozhfsq
,b000083k83
block0,b0002bqqxw
block20,b000e6q3em
,b0009hmx36
block0,b00007bgty
,b0006g2zce
block3,b000jx3qxq
,b000ehpzyu
,b000al7fu2
block12,b00005lzly
block28,b000bta4k6
block22,b000m06st0
,b000300hhi
,b0000swyw4
block20,b000ndibtg
block2,b0001g6u98
block16,b000hcmtly
,b000fbgate
,b0000y7wc0
block16,b000e6g7x4
block9,b0002nt34o
block10,b000cc09uw
,b0001gu7g0
,b00073fl7w
block20,b000192rq0
block14,b00004s4xy
,b000b86a9q
block1,b000jbxxtk
,b000hvxix8
block21,b0000cc778
,b000jywfq4
block11,b000042olp
,b000bvbmci
block1,b000j588ge
,b000mtdwa4
,b00006lhf6
block1,b000s8jxpc
block3,b0009zhg8k
block0,b000e5n0mg
block0,b00079pmwa
,b0000dzfvd
block15,b000i2jd0s
block2,b0009xndso
,b00099qrok
block0,b000068xl9
block24,b000bi7uqs
block11,b0006g2wr2
,b000fbgaqc
,b00008ava7
,b000hvtk9e
block3,b000jjrwas
,b000jx29wa
block1,b00063blg8
block1,b0002bqrq8
,b000ecoami
block3,b000067vpa
block1,b0006b4zr2
block0,b000aly75i
block1,b000a7mfn8
block15,b0007d8eq2
block1,b000hlt57q
block0,b000fepvcs
block28,b0000y7wck
block0,b000gv8u32
,b000btas3y
block10,b0001o04tw
block20,b00004swll
block0,b000qv5xqy
block19,b000bw7kxw
,b000b5ss76
block0,b000067fdw
block1,b000h5ex7e
,b00008pbus
block19,b000fqvxge
,b0007q7mg2
,b00006hrjw
block10,b000bvxob0
,b000f8gxg2
,b00006ht1c
,b000a6jrwq
,b0007zgxy0
,b000cemp0m
block19,b000b5ue6y
,b000az841m
,b000e99ud0
,b000gaoxgg
block1,b00002jvfk
block20,b000ju9nay
,b000205mvk
block6,b0002t867s
,b00008avaa
block7,b000ndibaa
,b00006l3us
block11,b00014tct0
,b000fbgav2
,b000az16r6
block21,b000059s6t
block2,b000fico2o
block22,b000exu6cu
,b000205lzm
block9,b0001wn1ee
block10,b000bufcn4
block1,b000cabe44
block2,b0006g2z7e
block1,b000ik9s00
,b000fbgae4
,b000jqv8t2
block0,b000icpcxa
block1,b000j54pac
,b00083xtiy
block3,b000h27swy
block5,b000f7ev1w
,b0002tpg1w
,b000ayznhg
block1,b000hlt5j4
,b0000swrmq
block1,b00006ijx1
,b00032q1hq
block4,b000jgf410
block24,b000bawkpm
block0,b000hcl5sm
block22,b0006g2tys
,b000300guq
,b0000cg4ah
block14,b000fqvxfk
block19,b000e8jl80
block28,b000bta4kg
block1,b000ar96bw
block2,b000b7pkio
,b00004s61f
block17,b000ju9nao
block1,b0001h5w9g
,b000bgj09k
block24,b000bav4ko
,b000eavbrw
,b0000cc75j
,b000coxs30
,b0001y7poo
,b000fiwtco
block19,b000ndibq4
block16,b000ndibci
block1,b000j00xf8
block5,b000hlp5do
block0,b000edkurg
block8,b0000c120d
block13,b00069e7ko
block17,b000kzf7oo
block11,b000e8jlai
block1,b000hc0m36
block1,b0008ewsai
block0,b00004vx3p
block1,b00009adf3
block1,b00070j14y
block0,b000099sim
block1,b00009apn8
block1,b00004wi4b
block0,b000e0tcj6
block1,b0009y6ewu
block0,b0009i6kh0
block11,b000rwdd9q
block0,b000pihtec
block0,b0002bqqtq
block15,b000rw9md2
,b000ickl1s
block9,b000in18nm
block1,b00026s6da
block0,b000gsa7wc
block0,b000aaqzpe
block5,b0002cu240
block0,b000flhxky
block0,b0002667rc
block1,b00029bosq
block0,b000axs7vg
block1,b000h25yse
block0,b000ias0i6
block0,b000ayfpkq
block1,b0001zjrus
block0,b00008kisz
block1,b000aqadlu
,b000098xiy
block1,b000311y4w
block0,b00083grii
block0,b000068xo6
block11,b000c55alw
block2,b000h20hu4
block1,b0009yegcu
,b00061u8sc
block1,b000i2y0cy
,b00079yoii
block0,b000b45pkk
block12,b0002bqs8u
block3,b000ndemb2
block0,b00008wq9i
block0,b000bb6f5m
block0,b000fzvv3u
block3,b000h14rqk
block5,b000ffsgga
block18,b000e8jlda
block0,b000fzxiou
block1,b0002h6x34
block0,b0001gjc52
block1,b000f6ws54
block0,b000ggmbhi
block1,b000h229hi
,b000icrgwk
block1,b000aa87dm
block0,b00008nruc
block1,b000bcgfe2
block19,b000e8jl7q
block1,b000lu89xy
,b000gknmd6
block0,b00007lvdn
block0,b0009vau14
block0,b000053f92
block1,b000088nqp
block0,b0001gngl8
block0,b0002667o0
block0,b000ic4f1u
block0,b00030fsyk
block1,b000crx79w
block1,b000qtu1ay
block3,b000he35ss
block0,b000exs488
block1,b000egwc42
block1,b000q1n7du
block18,b000ndibnc
block1,b000cqnjim
block18,b000h5j4ka
block18,b000e15nhk
block0,b000fzz73u
block1,b000hkpb3e
block0,b000k7ving
block0,b000ga99ry
block1,b000epcfz4
block0,b000o39u3g
block1,b000hlv6mi
block17,b000ndic9a
block0,b0000afu4e
block0,b000jgw9ae
block3,b000hlr9my
block0,b000fzz730
,b000r1g844
block0,b000g1gaac
block0,b000exq2cs
block0,b000ozjtoo
,b000099sie
block4,b0001wn0li
block12,b000j6dues
block4,b0006ni698
block1,b000he4riu
block0,b00070ouja
block0,b000eplmpi
block1,b000nknb62
block0,b000aa8796
block1,b00009m8ur
block2,b000frttvy
block0,b0007d8r5k
block20,b000e8jlbw
block0,b000fzxisg
,b0009k0092
block0,b000ibfix0
block0,b000anqim6
,b0002z4boo
block1,b0007m3pcg
block0,b0008ews6w
block0,b000flcn40
block0,b00006jk50
block0,b0002j6i2s
block24,b000bt55a0
block0,b000exw510
block0,b000fzz76m
block14,b00062ak2k
block0,b0003517ls
block0,b0002664gq
block0,b0000990xn
block0,b000ga99tm
block1,b00002cf7w
,b0009hat9g
,b000icpeva
,b000eqazb4
block0,b000bcicxy
,b0002cu1nw
block0,b000ap41x2
block1,b000ap0h7g
block1,b000jvimau
block0,b0002yitti
block1,b000kmehha
block20,b000ndibws
block1,b000hlp64w
,b000bddf08
block12,b00070j13a
block0,b000e0f3yo
block0,b000gs9tq2
block0,b000ema3zq
block0,b000fu3dn6
block5,b000evo8h6
,b000lv6pyi
,b00005ld1r
block8,b0006g2vk0
block20,b00004swln
block1,b000gkli0a
,b000fbgapi
block5,b000636jii
block1,b000i3ec9y
block1,b000qgixde
block1,b000oziaz8
block8,b00008mnxr
block4,b000fnevhk
block1,b000kg86b4
block14,b00097iaym
,b000fhgu6q
,b000ivfciq
block1,b000jx1kma
,b000a6na6a
block1,b000uez42k
block4,b000a3ky4e
block2,b000aoz7fo
block23,b0006g2tum
block17,b000gh2pa0
,b000icpfmi
block0,b0007yepyg
block1,b00032heyk
block0,b0000ycfdg
block0,b0009y6f56
,b000cbn9aa
,b000cpshia
,b000922dwc
block19,b000ogsgym
block1,b000b0gzu8
block0,b00062ujhg
block0,b000hed3f8
block0,b000enucvk
block1,b00032hey0
block0,b000bckmaa
block1,b000dz964i
block1,b0002r74a0
block0,b000nknb44
block9,b000ehpzxq
block1,b000fkd3cc
block6,b00030cbu4
block12,b000ndibh8
,b0009rkkmc
block2,b000t53788
block1,b000euhk3g
block1,b000cditbc
,b00008mops
block5,b000krd3bq
,b000gwkol2
block14,b000nvkyse
block1,b000083kit
block17,b00006rgnx
,b000hev6fw
block5,b000qctqne
,b00073flao
block3,b000bnkbdm
block0,b000i84dts
block1,b000aa87pu
,b000ivkrvs
block1,b000ozia62
block6,b000lpc8t0
block0,b0002c3vqq
,b00009v7hf
block7,b0007d8esa
block1,b0006b64v2
block1,b000qjrska
block15,b000bt8trg
block1,b000ov0gao
block1,b000ab601m
block11,b000e8jlbc
block16,b000088ner
block10,b0009yx9by
block7,b000mfgx7w
block7,b00005op44
block1,b000bwbtwu
block6,b000emgcxs
block0,b0001iqnc0
block5,b000b6kxfa
block18,b000keho0a
block1,b000bndghk
block5,b000e8jlas
block3,b00009qenn
block5,b0001h9l5m
block2,b0009xb12o
block10,b000i8od4i
block5,b00004nhn7
block1,b00062jdka
block3,b000hcxklw
block7,b00022ptt8
block0,b000bwbu6u
block10,b000hctyto
block1,b000bgtv80
block15,b000o27t8a
block16,b000ndib6y
block9,b0001wn0ky
block1,b000q6zk3a
block12,b000hbys96
block1,b000bhq5jw
block10,b000hcz8gc
block12,b000hctyte
block10,b000bx24o6
block13,b000mtebtu
block10,b000bojyc0
block3,b000hlt4y0
block3,b000hbys5k
block0,b000h11f9c
block0,b0006n99k8
block18,b00008mnxq
block7,b000hc0lw8
block10,b000cs3sdq
block0,b0002b0qfg
block1,b000kn7dde
block3,b000ej9w0q
block3,b0007lw230
block3,b0007lw23a
block1,b000hbxjxc
block5,b000pdnhno
block3,b000hcz8ey
block3,b0007lw22g
block7,b000ndib7s
block7,b00022ptru
block1,b000gcj6mk
block5,b000hlt4tu
block4,b000hcxklc
block7,b000hbvvg4
block20,b00004tj14
block11,b000m7uqjg
block13,b000kehnzq
block1,b000hcv1ky
block7,b000ndic40
block1,b000bgpqr0
block0,b0007iqg3a
block1,b000bknncq
block20,b000ogsyk8
block1,b0008ewsf8
block12,b000ndid26
block17,b000kehnvu
block1,b000h16p9m
block7,b000ndid62
block21,b000cs3sh2
block0,b000k2nktg
block20,b000ndibvo
block3,b0008glgrm
block3,b000k2t0ou
block19,b000lz6a5i
block29,b000jiojvo
block0,b0009qvgeo
block5,b000hcz8gm
block7,b000ndid4y
block7,b000dinb4g
block11,b000cc22ys
block0,b0004f367u
block0,b0000691kc
block3,b000h14rr4
block9,b000hcvr1m
block2,b000k2nkua
block20,b000hbxjve
block0,b0009yn1rq
block3,b0008glghc
block1,b000ehs6ic
block10,b000hctysa
block2,b000k7vinq
block12,b000hbxjuk
block4,b000hcvr5s
block20,b000ndible
block2,b000h16p9w
block3,b000bwzxk4
block3,b0008glgea
block10,b000o26lo8
block7,b000ndibe6
block12,b000dn7k8y
block20,b000cs3s2m
block0,b00005wf9v
block20,b000ndibri
block5,b0001an1n2
block1,b000bgtvda
block7,b0008glg1i
block0,b00001xdw7
block12,b000o27qfq
block10,b000j1cit6
block13,b000hcxkks
block9,b0001wn1fs
block14,b0001wn1a8
block1,b000aa87go
block14,b000ndibwi
block2,b000h16pag
block1,b0001gu7di
block12,b000hbxjt6
block16,b000fis8ew
block0,b00009vrfk
block3,b000a76zt8
block12,b000o27ti0
block3,b000hcz9ac
block2,b0009i5px0
block1,b0000als2s
,b0001av65w
block17,b000ofnrhy
block16,b0001nm7zm
block2,b0000696oh
block0,b000bi8m2e
block7,b0009n4gx0
block14,b000pgq8sm
block12,b000k6b2l0
block0,b000068nno
block1,b000ezp0n8
block1,b00030iej6
block1,b000cfx744
block1,b000k2pa3a
block10,b00022pti4
,b000jx7g3c
block14,b000eu10wi
block1,b000h1xy3m
block1,b000bckm7i
,b0009tqb3w
block16,b000pgs3cq
block1,b0007vubx8
,b000k5uxys
block1,b000ecqxjq
block16,b000ndicpy
block1,b000fjsa2g
block3,b00078x3hm
block8,b0002nt5ho
,b000ivl050
block14,b000cnf014
,b000ivjsb8
block3,b000he39mk
block11,b0001na35s
block1,b000csralc
block2,b000in8nhq
block1,b000piht7e
block10,b000i8od5w
block1,b000bs2vzs
block1,b00062vos4
,b000nlwxii
block2,b00002s75b
block0,b000io79mu
block1,b000pijszk
block12,b000ub6avc
block16,b00008mnxz
block1,b000o39yge
block0,b000gcd73y
block0,b000jx5ppi
block0,b000b676fa
block1,b000bh3dbk
block0,b0002iwyke
block0,b000egidpo
block10,b000mgvnks
block0,b000ml8d5q
block0,b000bcdrdo
block4,b000olsreg
block0,b00007bguc
block3,b00001qgvr
block10,b000mg2kpk
block2,b0000ca2ix
block1,b0007yepx2
block2,b000fmncb2
block3,b0001ghg64
block1,b000r1cs5w
,b000lu9cwg
block1,b000o39tgo
,b000dzfdbi
block1,b000gw55es
block1,b0007znn48
block1,b000s5x3q0
,b000fer1cq
,b000kbszns
block1,b000bi641a
block0,b000saufpw
block1,b000p5in5e
block0,b000frs492
,b000gi7itw
,b000tilkpc
block0,b0001ipy66
,b00074dy8e
block1,b000tl4qb4
,b000jx5jnq
block1,b000exw524
block0,b000q71qqy
block2,b0002ce0v6
block0,b000h69szu
,b000ftpmc2
block3,b000qfrt4o
block1,b000bwzy7q
block0,b000bndgzw
block0,b000fovsha
block0,b000i8thy4
block0,b00009nfc1
block3,b000sqnbp2
block0,b000nkpf7u
block1,b000cepgwg
block0,b000h6d2do
block1,b000ov404w
block20,b000cqpc32
block1,b00076ywii
block0,b00062uji0
block0,b000bcicr0
block22,b000ujw3ss
block3,b000rlnqcq
block21,b000a2zlam
block0,b000fem8ew
,b000cco5wa
block1,b00027eqmy
,b000ccvp0a
,b0009gd0km
block3,b000cabe4y
block1,b0006a5iwe
block1,b00062vfec
block5,b0002dlrru
block1,b000ixvqk2
block1,b000fjs8sc
block1,b000p49vis
block1,b000egoe9s
block17,b000ofnri8
block16,b00081i6ji
block1,b000h25yoi
block5,b000b85aag
block1,b0000vmim2
block7,b000ndib82
block1,b000lrdlia
block6,b000kipk02
block2,b00007eegy
block0,b000bs5icq
block5,b000gcgqd2
block1,b000o3efrm
block0,b000n5meva
block3,b0001g6q2e
block3,b000csramg
block7,b000qclgqo
block1,b000hzrlim
block1,b000eiau3u
block1,b000a2aknu
,b000mu6mve
block1,b000edgo2q
block1,b0002itt84
block1,b000e6mjig
block1,b0000c7gep
,b000v05f4k
block21,b000bt559q
block1,b000g6gn2m
block1,b000edvrtq
block1,b000aa878m
block1,b0001ym04e
block0,b0002al1z6
block2,b000ep3gei
block1,b00009v3nw
block3,b0000vyk1o
,b000ep8oju
block10,b000ecyp0k
block15,b000ndib8m
,b0002oqy1i
block10,b000i8od48
block1,b000dz9yoa
block3,b00013wgz8
block0,b0007sxgn8
block0,b000h27psq
block1,b000h13a2w
block0,b000h241zg
block9,b0001wn18u
block0,b000fovsei
block1,b000om8fba
block0,b000hhzie4
block0,b000ra5bl6
block0,b000ra5bmk
block0,b000hjott2
block0,b000exs47y
block0,b0009yx9bo
block0,b000jx1kdy
block0,b000h229d2
block0,b0002ibeve
block0,b000lu89uc
block0,b000hhvb2w
,b000fbgaia
block3,b000pdomn8
block6,b00068u7ww
block0,b0007sxglk
block16,b0006nkbn2
block1,b00009apiu
block14,b00019jgwi
block9,b0001xnkp8
block21,b000ndibjq
block14,b000i0bp6k
block0,b0007sxgmo
block0,b000b6oboo
block1,b000bc38o2
block1,b000eqy0ss
block0,b000hlp5yi
block0,b000hhvb9k
block0,b000h241x8
,b0000azk3v
block2,b0000azvvs
block3,b0006b6b1a
block7,b00007kh02
block29,b000barbaq
block1,b000frqfe8
block3,b0007l9ecw
block0,b000b6oboy
,b000o3d94m
block0,b000o39u3q
block0,b000cik6rc
block4,b0001wn0sq
block15,b000h5fo8g
block15,b000e13es0
block17,b000fiej4k
block10,b000mti8mq
block1,b000fn6c2c
block18,b000e0v924
block6,b000na1v8w
block0,b000abapo0
,b000tilkq6
block3,b000nkrj0q
block17,b000nvspyo
,b00013wh0w
block0,b00006gxbz
block11,b000ndibqy
block3,b000gcd6lw
block19,b000ndichc
block1,b000l1phg0
block10,b000im5gb8
,b00006hrt1
block3,b0000dbmhr
,b000a7q6n8
block1,b000g3mer8
block2,b000nknb8k
,b000a7bibs
,b000jf5zec
,b0002um0jm
,b0000dbml4
block3,b000fvqo0o
block9,b000fncrto
block2,b000mmt6s8
block1,b000v7v2uo
block2,b0009afff6
,b000qeitty
block8,b000mz7c36
block3,b000m2yc32
,b000e3e2km
block3,b0007lw22q
block1,b0007zf3ge
block10,b00097alks
,b000rgxto6
block0,b000099108
block5,b000mz7c2w
block1,b000lu89yi
block1,b00004ochj
,b0009jhv1s
block14,b000b5rweg
block8,b00006y0es
block3,b0008glgmc
block0,b0000bx891
block20,b000hbvvka
block20,b000g7wses
,b000e3c6c8
block7,b000o231le
,b0009mg80a
block3,b000kjzigw
block9,b000ph8xs4
block0,b000o3bgh4
block1,b000hed3fi
block0,b000b6n2lw
block20,b000ogsyjy
block12,b000068u3h
block12,b0006513tg
block1,b000kmehfw
block1,b000hlp5wa
,b000bd1rty
block0,b000hi1i9c
block1,b000bgpqos
block3,b0000c6eol
block17,b000ogsgzq
block0,b000jx1kgq
block1,b000s604de
block0,b000egmaj4
block0,b000h25yr0
block20,b000ogsh3c
block0,b000m6xk4k
block6,b000qxd2tc
block1,b000pu7422
block1,b000saufbg
,b000fngzs8
block0,b000b6n2m6
block1,b000io799i
block7,b000ik414i
block0,b000hlt5g2
block0,b0009suw4w
block12,b000mgo1r0
block0,b00007e8bi
block20,b000ndibkk
block0,b0008g2bvm
block1,b000cp4ja0
block0,b0009yegpc
block0,b000hhxevi
block7,b0007r7e7i
block0,b000bnjmnc
,b000o3ek2m
block5,b000230e4m
block0,b000egidue
block4,b000iz8vqw
block1,b000p4tc82
block0,b000bypfu0
block7,b000ndib96
block0,b000h24200
block1,b000q1pyv8
block0,b000hpjgw6
block7,b000mgo5bw
block0,b000ra77bs
block0,b000jh7c6y
block5,b000ndicze
block1,b0002z8a1o
block1,b000exw51k
block0,b000hi1i6u
block1,b000jiqlxi
block3,b000om7diq
,b000o3bge2
block18,b000keho1e
block0,b0009dxjuq
block15,b000b63xha
block0,b000nif4im
block1,b000in34bq
block1,b000v7rij8
block0,b000e2d3lc
block1,b000ffcdim
block0,b000fzxipo
,b000b57k4s
block1,b000hedyio
block1,b000pg7ha0
block0,b0000vmimw
block10,b000ehs6h8
block11,b0007wv3ei
block3,b000i4rmfe
block1,b000ar96bm
block5,b000e8rdrq
block9,b000b5srju
block19,b000ehs6gy
block14,b000g80lku
block12,b000pienlo
block0,b000aqvrry
block11,b000szzpi4
block5,b000ro5o7s
block1,b000jlj0cy
,b00099xf0e
block0,b00005birs
block1,b000fn6cf4
block11,b0006ma3bs
block0,b0001gu7jc
block1,b000k7vio0
block1,b0000899lt
block3,b000brczzk
,b000ivjv10
block1,b0001d56uu
block1,b000brm3xe
block5,b000rlqnr6
block1,b000gbukgm
block1,b000nknb26
block1,b000jx1on0
block0,b0002fgfiy
block10,b000h0k3zu
block1,b000trgqqg
block1,b0007yepxc
block5,b000090179
block0,b0009jhv5e
block7,b000787g6q
block0,b00024wjrq
block15,b000n28264
block0,b000nkklwe
block15,b00076ywj2
block1,b000a40w4a
,b000licg1m
block1,b000eg6d5q
block10,b0001xngz2
block3,b000hbysf0
block5,b000f7gysa
block14,b000fdetxq
block0,b000099107
block19,b000hjdpx8
block0,b00005ljem
block1,b000in6trc
block1,b000bu7u48
block1,b000fowht8
block10,b000eqieik
block19,b0001fyrq2
block0,b0009dt87e
block11,b000b3z2zo
block0,b000ra3l3g
block1,b0009nr9mu
block7,b000t9luce
block1,b0002ip4lu
block3,b000hjqyc2
block7,b0001fyrqm
block0,b00099e4ya
block1,b0000990y7
block1,b000o39u8q
block1,b000nkfee4
block1,b000fk8b42
block1,b00099xdpq
block0,b000ra778g
block7,b000bdiqpc
block1,b000fetuiy
block1,b0009suw5q
block2,b000in4uak
block0,b0009yx9be
block1,b00002s5ig
block14,b000gzy7oo
block11,b0001xnkoy
block0,b000ra20uq
block15,b000h1de00
block0,b000o39qoo
block7,b000byruai
block1,b000bo9rt0
block7,b000nkj29c
block0,b000hpf7p6
block0,b0000959kx
,b000o8g7z0
block0,b000ie8u4g
block0,b000io7a9m
block1,b000fp0k0u
block0,b000ieaplw
block0,b0002uhuii
block0,b000hlp5w0
,b000f4ei40
block0,b000hhvbdq
block0,b000egidpe
block0,b0007sxgla
,b000o8gs3g
block0,b000m6wlyk
block0,b000hhxeuo
,b000fqvxf0
block1,b000o3bj3k
block0,b000gihfyu
block0,b00006oaqv
block1,b000o3d9ce
block0,b000bwa1jw
block1,b000fer1d0
,b000b56boi
block20,b000lroze4
block7,b000g0oom4
block18,b000kgg6ru
block1,b000gkpe14
,b000099swz
block1,b000qxdj0y
,b0007q7mlm
block0,b000gkpds8
block2,b000etyt5o
block7,b000hed3gm
block0,b000aoz7hw
,b000pg8kxs
block0,b000he9pr8
block7,b00006hubo
,b000h84uv0
,b000pg8kwe
block0,b00083czbg
block3,b000hed3fs
block3,b000ea9u2a
,b000pgaimo
,b000e136ga
block1,b000gr1ceu
block1,b0009hl34q
block0,b000ffsgho
block3,b000bcicwa
block10,b000g0lieq
block1,b0000c4dx0
,b000ovft92
block0,b000p9eqva
block1,b000itvtqm
block1,b000mvp5i4
,b000eezn2c
block5,b000ghwq7c
block1,b0006b63rw
block7,b0001bfdau
block1,b000etjjae
block3,b00019tb00
block2,b000070ilx
block1,b000bljed2
block10,b0009dwkwo
block1,b000ri161w
block1,b000ayxld4
block1,b0009i5sgy
block7,b000mcianu
block14,b000k6b3zu
block0,b0009jgv50
block10,b000qxd2tm
,b000bsfs3k
block2,b00005aycg
block10,b000fcyts2
block16,b000g0lkcg
block0,b0006vc3vc
block1,b00006iqth
block3,b000he9psc
block20,b000pgvk5s
block0,b0002x9a1u
block3,b000h3lza4
block1,b000b6n2o4
block2,b000enucs8
block0,b000gaqlxe
block0,b00021lrw2
block20,b000ndibl4
block10,b000fdetx6
block0,b000a0s3x6
block0,b000euhiug
,b000eztvym
block1,b0006aao9g
block2,b000bx441w
block10,b0002735fi
block0,b000bs5ibm
block5,b000phd8ha
block2,b0006aao96
block3,b0002jtvng
block15,b000ub66ha
,b000hl1eie
block1,b000feyg7o
block14,b000bx5ggy
block1,b0002vjvxy
,b000mrnc9m
block1,b00061m0qk
block12,b000u1w4us
block1,b000aoz7jk
block17,b000iw5kv4
block21,b000egk1e0
block3,b00009l1hv
block20,b000iaolaw
block3,b00002s755
block1,b000ihxoa8
block12,b0001wn0m2
block1,b000fbju6e
block1,b000byrinm
block15,b0002i6l7g
block0,b0007ly3zu
block1,b000e28ut2
block1,b000hlt5hq
block1,b0006i7glw
block5,b000j4oxf0
block15,b000afkxso
block1,b000iek7kg
block3,b000lxdrjm
block1,b000gamw7s
block0,b0006aaoiw
block3,b000h294mq
block5,b000bwzzlg
block1,b000j6ddrw
block12,b000k67vss
block1,b000m9c70k
block3,b0002wt64m
block1,b00094ot4a
block12,b000iwarqw
,b000ldqs9s
block6,b0001xdysq
block1,b000exu9ay
block19,b000k6crb4
block3,b000j5lgg8
block1,b000m5ailo
block1,b000hkim7q
block7,b000ndibbo
block7,b000bx0006
block1,b000922deu
block5,b0001wn16m
block3,b0002vcuzk
block11,b00094oszk
block5,b000b6kh38
block1,b0009ftmj6
,b000e3fn4g
block1,b000jgqt28
block7,b0002mg5uk
block1,b000pijt6i
block19,b000ndibge
,b000ivhlgc
,b000fiejt0
block1,b000mfqzoi
block3,b00004ochi
block0,b000qd9f5w
block2,b000tme1ke
block6,b000lwfbem
block3,b000lp6jky
block5,b000bp8alk
block1,b000edjjhs
block11,b000h2can6
block17,b000hbysc8
block7,b000ndid44
block0,b0002w30e4
block0,b000fzz77q
block0,b0002ibev4
block2,b000bckm46
block1,b000bsf1iw
block3,b0009affew
block1,b000feygds
block1,b000oqjdna
block0,b000emcays
block0,b00007m5vg
block1,b000fkbhlg
,b000btac30
block1,b000q1pyzo
block5,b000i3g30k
block0,b00007e8d4
block3,b000ayktam
block1,b000byr41s
block0,b000b6n2oe
block1,b000frs438
block1,b000gcbov6
block0,b000gcgq82
block2,b000fncu3m
block1,b000hcu7b8
block5,b000h27puo
block0,b000gcd6qc
block14,b000exs456
,b00029rapc
block0,b000ag5sb0
block1,b0000dk573
,b000oajy8a
block11,b000in351k
block20,b000bdezfw
block12,b000ovnlxs
block0,b000jx5nm8
block10,b0001fyrqc
block2,b000ej9w0g
block5,b0002e3lpk
block1,b000056b63
block2,b000ro5o78
block0,b000in35ho
block11,b000fc4du6
block3,b000h2421o
block14,b000gb1xfo
block1,b000lff13k
block6,b000gb0m7y
block0,b000bcgf9m
block10,b000gaywoe
,b000nknaze
block1,b000i5wcp8
block1,b000ivkrww
block2,b0000c4m1w
block13,b000i8od3y
,b000oahvl2
block0,b0000c7fpt
block0,b0009jgv6o
block12,b0009eu0ca
block0,b000hcqqmc
block1,b000fj16ou
block5,b00006sijr
block3,b000h229fa
block1,b000in8n30
block1,b000j00xeo
block7,b000ndicqi
block1,b0009jearq
block2,b000067fk7
block1,b000ijngeu
block2,b000aoz7ko
block1,b000bsf02e
block3,b000ro7h3w
block1,b00002s6sc
block1,b000v7pf3o
block1,b000ihxad4
block5,b00006sijq
block7,b000o27rgy
block1,b00009k780
block1,b00006jo4g
block1,b000v7y5j4
block7,b000f7bps4
block2,b000gkxmea
block7,b000gwfgqk
block0,b00006h3dw
block3,b000gkshi6
block19,b000oftj8u
block3,b000bd1ad2
block3,b00007g3ai
block1,b0001mbatc
block1,b0009hj5ve
block1,b000063v0z
block1,b000o39qyo
block1,b000k757w4
block7,b000e65hki
block1,b000p4v8am
,b0000cg4gt
block1,b000v809mk
block0,b000v7vz2e
block1,b000hlt55i
block0,b0009yn1ks
block2,b000fabege
block1,b000ezmxcy
block0,b00008wiww
,b000skvy20
block1,b000j1h08k
block0,b000hhvb5e
block0,b000hi1i2e
block5,b000b6jasg
block17,b000bt7frg
block2,b000gamysk
block0,b000jx3mx0
block1,b000twz14o
block1,b000lozewy
block1,b000i7zabo
block1,b000hkpfje
block0,b00004t2un
block0,b000v7riie
block1,b00005v55b
,b00065hjvc
block0,b000nkpf7k
,b000jx5rz6
block0,b00002sam7
block2,b000ndo7n0
block0,b000gcgqvy
block0,1931102953
block20,b000ndick4
block0,b0000yebre
block1,b000egidpy
block2,b000gpsz42
block0,b000i84dum
block1,b000hus51e
block1,b000bb7fjw
block1,b000bgtvbc
block2,b000v7vz1u
block0,b0007m69s8
block1,b000051sgq
block1,b000rhdusa
block19,b000ndic86
,b000jx5shs
block1,b000ezmxz6
block3,b000v9yxj4
block1,b000pienka
block3,b000fb9w3a
block12,b000szyqam
,b000jx84va
block3,b000nkklwy
block3,b000in6tnq
block0,b000iflerk
block0,b000exu99k
block1,b000kmaa8a
block0,b000lptgc2
block0,b00005auzh
block17,b000ndibhi
block1,b00005rd70
block0,b0000cdvuh
block1,b000rsk7k8
block1,b0009x6qew
block1,b000tdgyks
block0,b000pihtbk
block0,b0002yiuns
block0,b000in8mj0
block22,b000cs3s2c
block0,b00005bigp
block3,b000h1df7w
block1,b000p9cr66
block1,b000j588g4
